Vehicle_ID,LicensePlate,Capacity,Type,Status
1,2FMHK6CT9AB784905,50,Truck,Active
2,4JGBF2FEXBA785948,84,Truck,maintenance
3,WBAUP3C53BV523022,73,Truck,Active
4,1G6AH5RX3E0507365,92,Container truck,maintenance
5,JH4DC53844S260367,47,Truck,maintenance
6,3VWKP7AJ8DM012191,36,Container truck,maintenance
7,1G6DR57V280310249,83,Truck,maintenance
8,1B3CB3HA8AD142887,57,Container truck,Active
9,YV1672MC4DJ883729,61,Container truck,Active
10,JTHBB1BA5C2417734,48,Truck,maintenance
11,WAU3GAFR6EA150861,99,Container truck,maintenance
12,1C6RD6MT8CS158167,79,Container truck,maintenance
13,3G5DB03E15S912713,66,Container truck,Active
14,5FRYD4H94GB520827,66,Container truck,maintenance
15,3C4PDCBB4CT369146,41,Truck,maintenance
16,WAUDH74F56N979511,97,Truck,Active
17,1GD21XEG7FZ517056,98,Container truck,maintenance
18,WBAVB13516K613896,33,Container truck,maintenance
19,WAUDGBFL0DA974732,71,Truck,maintenance
20,SCBBR93WX9C414601,85,Truck,Active
21,5NPDH4AE4FH423350,97,Truck,Active
22,JTDKDTB32F1731375,68,Truck,Active
23,1FTWX3A50AE870740,83,Container truck,maintenance
24,WAUDF98E07A209227,42,Container truck,Active
25,1G6YV34A055993019,59,Truck,Active
26,WBA3T3C56F5236254,100,Truck,Active
27,1G6DW677770176370,56,Container truck,Active
28,1GKUKFDJ9AR091093,73,Truck,maintenance
29,WBSWD9C55AP853716,40,Truck,Active
30,2G4GV5GV6C9248208,55,Truck,Active
31,WBA1J9C59FV235101,62,Container truck,maintenance
32,1G4GE5G37EF383805,68,Container truck,maintenance
33,YV1672MK2D2654581,78,Container truck,Active
34,SCFFDAAE0CG846317,47,Truck,Active
35,TRUWT28N311044167,67,Container truck,maintenance
36,3D7LP2ET2AG265089,37,Truck,Active
37,WAULFAFH8CN470473,55,Truck,Active
38,1GD22ZCGXDZ643517,42,Truck,Active
39,4T1BF1FK1FU480259,58,Truck,maintenance
40,JHMFA3F20AS470454,44,Truck,Active
41,JN1CV6EK6AM770454,39,Truck,Active
42,1GD12XEGXFF377823,96,Container truck,Active
43,5N1CR2MN8EC857916,47,Truck,maintenance
44,YV1902AH2D1122005,74,Truck,Active
45,WAUBFAFL7AA094952,57,Truck,Active
46,2C4RDGCG9ER295917,34,Container truck,Active
47,1FTFW1E81AK586577,85,Truck,Active
48,YV1672MW5B2800357,73,Container truck,maintenance
49,WAUBFAFL8DN685868,83,Truck,maintenance
50,SCFBF03B68G409757,62,Container truck,Active
51,1G6KE54Y81U483046,81,Container truck,maintenance
52,WAUPN44E17N284262,37,Container truck,Active
53,1G6DC1E39D0539761,76,Truck,maintenance
54,WAUEF78E67A131920,51,Container truck,Active
55,WDBSK7AA5CF561863,40,Container truck,Active
56,SAJWA4DCXDM351176,45,Truck,Active
57,4T1BK3DBXCU047772,88,Truck,maintenance
58,1FTWW3CY9AE920433,69,Container truck,Active
59,1C3CDZBG9DN241195,84,Container truck,Active
60,5TFCM5F19AX384836,32,Truck,maintenance
61,3D7JV1EP3BG509523,31,Container truck,Active
62,KNADH4A3XA6974185,32,Container truck,Active
63,3D4PH6FV4AT696110,75,Truck,maintenance
64,3C63DPGL7CG466235,60,Truck,maintenance
65,1GYFK36299R264755,81,Container truck,Active
66,3D73M4CL1AG479028,49,Container truck,maintenance
67,1FTEW1CW9AF708429,76,Truck,maintenance
68,1C6RD6FP8CS235782,77,Truck,maintenance
69,JN8AF5MV0FT892364,38,Truck,maintenance
70,WAUJT68E12A697803,83,Container truck,maintenance
71,1G6DN8EV5A0570294,60,Truck,maintenance
72,WDDUG7JB9FA945835,99,Container truck,maintenance
73,1G4HC5EM7AU354672,42,Truck,maintenance
74,1NXBU4EE7AZ446239,79,Container truck,maintenance
75,1C6RD6NT3CS781095,75,Container truck,maintenance
76,5NPET4AC2AH466448,99,Truck,Active
77,1C3BCBGGXEN223627,69,Container truck,maintenance
78,WBALM7C55DE028755,33,Truck,Active
79,WAUAT48H15K027925,98,Container truck,maintenance
80,2C3CDXBG5EH103877,34,Truck,Active
81,2G4WF521331367913,100,Container truck,Active
82,WVGAV7AX9AW560569,33,Container truck,Active
83,WAUVT68E85A458755,99,Container truck,maintenance
84,JTEBU5JR8B5657508,57,Truck,maintenance
85,WAUNF98P98A855339,50,Container truck,Active
86,WDDLJ7DB1DA360303,91,Container truck,Active
87,5FRYD4H69GB625918,69,Container truck,maintenance
88,JN1AZ4EH8BM440272,37,Container truck,maintenance
89,KNAFT4A29A5685321,72,Truck,Active
90,3GYFNBEY6AS522982,69,Container truck,Active
91,WBAPH7C56AA532059,78,Truck,maintenance
92,2FMDK3GC0BB990574,62,Truck,maintenance
93,WBADN53411G049759,62,Truck,Active
94,WAUKD98P86A767730,72,Container truck,Active
95,1FMCU4K30AK896654,80,Container truck,Active
96,JN1AZ4EH7FM332361,61,Truck,maintenance
97,WAUKGAFB0BN365235,60,Container truck,maintenance
98,WAUCFAFC6EN433462,63,Truck,Active
99,SCBLC31E82C633950,65,Truck,maintenance
100,1FTEX1CV0AF041321,47,Container truck,Active
101,5BZBF0AA6EN467853,57,Truck,Active
102,SAJWA0E71D8814549,63,Truck,Active
103,WAUNF78P48A812788,49,Container truck,maintenance
104,WAULC68E94A720420,42,Truck,Active
105,WAUHE78P19A012452,97,Truck,Active
106,3C63DPKL4CG132848,57,Truck,maintenance
107,WVWBB7AJ8DW862484,83,Container truck,maintenance
108,JN1CV6EK0AM976157,97,Truck,maintenance
109,WAUJC58E55A084291,65,Truck,maintenance
110,3FAHP0JA0AR710559,93,Container truck,maintenance
111,JTDKTUD35ED701385,42,Container truck,maintenance
112,VNKKTUD34FA304678,92,Container truck,maintenance
113,JTDJTUD31DD960918,73,Container truck,maintenance
114,WA1CMAFE4BD901355,91,Container truck,maintenance
115,1GYS3AEF8DR450557,85,Truck,maintenance
116,SALVP2BG8FH880035,63,Container truck,maintenance
117,2G4GR5GX9F9750074,38,Container truck,maintenance
118,2T1KU4EE4DC853862,98,Truck,maintenance
119,1G6DK8EV5A0922993,82,Truck,maintenance
120,2C3CCAXJ9DH847100,50,Container truck,maintenance
121,1GYS4BEF5ER662854,53,Truck,Active
122,WDDUG7GB9FA244350,63,Container truck,maintenance
123,KMHTC6AD1DU641547,44,Truck,maintenance
124,WAUAH68D11A582593,69,Truck,maintenance
125,1C3CDZCB9CN044030,61,Truck,Active
126,WP0AA2A9XFS104650,80,Container truck,Active
127,WBA3C3G51EN665066,77,Truck,Active
128,5N1AT2MK7EC464391,86,Container truck,Active
129,5NPET4AC9AH259409,34,Truck,maintenance
130,JM1DE1HY0B0563443,57,Truck,Active
131,WBXPA73435W943980,66,Truck,maintenance
132,WVGAV7AX5CW928846,61,Truck,Active
133,WAUEFBFL7BN017317,68,Truck,maintenance
134,1G6DB1ED8B0354982,56,Container truck,maintenance
135,5N1AA0NC6EN701250,93,Container truck,Active
136,2C3CDZAG1FH986245,69,Truck,Active
137,5GAKRDKD4DJ972496,83,Truck,maintenance
138,1GYS4UKJ9FR887204,73,Truck,maintenance
139,JN1CV6FE6AM238033,53,Truck,Active
140,WBA3B3C52DF474029,81,Truck,Active
141,JH4CL95806C979953,54,Truck,Active
142,WBSBR93483P804911,33,Container truck,maintenance
143,WBAPL5C5XBA633870,41,Truck,maintenance
144,1N6AA0EC2FN366670,99,Container truck,maintenance
145,5J6TF1H37DL220833,74,Truck,Active
146,5TFBW5F16AX772158,63,Truck,maintenance
147,1G6DJ8EY2B0791116,94,Truck,Active
148,3TMJU4GN5DM080299,79,Truck,Active
149,3D73Y3HLXBG641036,86,Container truck,maintenance
150,5N1AZ2MH1FN703698,61,Container truck,Active
151,WAUGL78E85A679707,40,Truck,maintenance
152,2C3CA5CG4BH116899,70,Container truck,maintenance
153,YV1672MK1A2272781,34,Container truck,Active
154,1FBNE3BL5DD811874,54,Container truck,Active
155,WAUMR44E05N368254,53,Container truck,maintenance
156,WAUNF78P08A044517,67,Truck,Active
157,WBA3R1C56EK523287,38,Container truck,maintenance
158,WAUDF78E57A456568,76,Container truck,Active
159,WAUDFBFC3CN492220,40,Truck,Active
160,3D73M3HL9BG000987,44,Truck,maintenance
161,WAUHE78P29A730771,64,Container truck,Active
162,19XFB4F23DE197828,94,Truck,Active
163,JHMZE2H31CS253144,93,Truck,Active
164,1C4SDJCT3CC024675,53,Truck,Active
165,WBAWC33509P032927,51,Truck,Active
166,WAUSH74F38N938790,78,Container truck,maintenance
167,W04GU5GC2B1870548,87,Truck,maintenance
168,WBAUT935X9A333797,90,Container truck,Active
169,WAUWFAFL8CA493907,80,Truck,maintenance
170,1FMEU7FE7AU348838,86,Truck,Active
171,5BZBF0AA4EN107142,47,Truck,maintenance
172,WP0CA2A88CS441894,58,Container truck,maintenance
173,JN8AZ2KRXAT880629,47,Truck,maintenance
174,SALAB2V69EA330849,64,Container truck,maintenance
175,5NPDH4AE8EH570141,91,Container truck,maintenance
176,2LMDJ6JK8FB146414,59,Container truck,maintenance
177,4T1BF3EK9AU407498,91,Truck,maintenance
178,WBAUU3C51BA833718,48,Container truck,Active
179,WAUGVAFR2AA897892,100,Truck,Active
180,JTHBC1KS1B5916422,94,Container truck,maintenance
181,3D73Y4HL1BG864166,35,Container truck,maintenance
182,SCBLC47J37C971550,65,Container truck,maintenance
183,3GYEK63N02G333219,70,Truck,Active
184,WA1WMAFE6BD228016,93,Container truck,Active
185,5UXZV8C55CL897803,88,Container truck,Active
186,1D4PU4GK5AW972521,73,Truck,maintenance
187,WBAEP33414P958446,83,Container truck,maintenance
188,3VWJX7AJ9AM092883,83,Container truck,Active
189,KL4CJFSB4DB911075,97,Container truck,Active
190,1FTWX3B56AE412683,86,Container truck,maintenance
191,WAUEFBFL1DN383101,67,Truck,maintenance
192,2C3CDXCT0CH724579,98,Truck,Active
193,WVGAV7AX2FW543782,84,Container truck,maintenance
194,1FTEX1CW0AK455909,34,Truck,Active
195,1N6AA0CJXFN592358,96,Truck,Active
196,1N6AA0CAXBN700181,97,Container truck,Active
197,5N1AT2ML2EC881538,99,Truck,maintenance
198,1GD11ZCG6BF047172,44,Truck,maintenance
199,1C3CDFCB6ED357298,51,Truck,maintenance
200,WAUMF98K29A739580,48,Container truck,maintenance
201,WBANF33577C492609,97,Truck,Active
202,5J6TF1H59DL405659,83,Truck,maintenance
203,WAUDV94F48N041278,79,Truck,maintenance
204,1G4GB5GR1EF434602,81,Truck,maintenance
205,1G6KD54Y65U979536,49,Container truck,maintenance
206,KNAFT4A20D5755874,86,Truck,maintenance
207,1G4HC5EM9BU602308,48,Truck,Active
208,5N1AA0ND4FN975900,71,Container truck,maintenance
209,3VW507AT4FM809334,99,Container truck,maintenance
210,WBAVM5C54DV605000,93,Truck,Active
211,5GAKVAED0BJ520788,31,Container truck,maintenance
212,WA1CKAFPXAA877781,33,Truck,Active
213,KNDJN2A24F7689140,45,Container truck,Active
214,SCBDP3ZA7BC380520,72,Truck,maintenance
215,2T1BURHE3FC411148,42,Container truck,Active
216,WAUUL98E48A416603,75,Truck,Active
217,SALFR2BG5DH479022,99,Truck,Active
218,SCBFT7ZA9EC298515,72,Truck,Active
219,YV126MFD7F2236001,84,Truck,maintenance
220,5N1AR1NB9BC361332,65,Container truck,maintenance
221,JM1CW2CL2F0361221,30,Truck,maintenance
222,WBAPK53549A534488,77,Container truck,Active
223,1FTKR1AD5AP028288,67,Container truck,maintenance
224,WAUEKBFB1BN557183,81,Container truck,Active
225,5NPDH4AE9DH971034,87,Truck,maintenance
226,1N6AA0ECXFN802083,40,Truck,Active
227,WAUSF98E38A716020,98,Truck,Active
228,WP0AB2A88CS364805,36,Container truck,Active
229,WAUUL98E97A094149,69,Container truck,maintenance
230,JA4AD2A35EZ653529,44,Truck,Active
231,5UXFG435X9L570814,38,Container truck,Active
232,WAUHF68P16A158210,53,Container truck,Active
233,1FMJU1K57AE418821,60,Container truck,maintenance
234,WBANF33597B261619,70,Container truck,maintenance
235,JTJBC1BA2A2969572,99,Truck,maintenance
236,KNAFK4A65F5715931,58,Container truck,maintenance
237,2G4WF551631023097,88,Truck,maintenance
238,JM3KE2BE6D0896560,31,Container truck,Active
239,1C6RD7NT0CS032681,49,Truck,Active
240,5GADX23L85D605528,76,Truck,Active
241,WAUDFAFL5CN158135,36,Container truck,Active
242,TRUTC28N531345657,82,Truck,maintenance
243,WBAYB6C54FD976398,76,Container truck,maintenance
244,KM8JT3AF2FU144999,76,Container truck,maintenance
245,WBA3B3C5XEJ123593,54,Container truck,maintenance
246,5LMJJ2H5XEE489510,57,Container truck,Active
247,WAUBC48H06K120344,67,Container truck,maintenance
248,JA32X8HW4AU748366,76,Container truck,maintenance
249,JTHDU1EF3B5683180,56,Truck,Active
250,1G4PR5SK7C4976074,89,Truck,maintenance
251,2T1KE4EE6DC295011,93,Truck,maintenance
252,WBALW7C57DD619766,65,Container truck,Active
253,1GD11ZCG1CF242520,50,Container truck,Active
254,1G6EL12Y82B809858,68,Container truck,Active
255,1D7RB1GT2AS341726,75,Container truck,Active
256,1GYFC36259R995597,89,Container truck,maintenance
257,WAUDV94F18N410906,86,Container truck,maintenance
258,2T1KE4EE8CC607652,43,Truck,Active
259,1C4AJWAGXEL781647,93,Container truck,Active
260,WBANA53555B407490,43,Container truck,Active
261,1N6AA0ECXDN445419,61,Truck,Active
262,WAUDK78T49A760763,59,Container truck,maintenance
263,1GD312CG5DF212552,51,Truck,maintenance
264,1G6AF5SX1E0019399,70,Truck,Active
265,WAUKD98P17A432908,80,Container truck,Active
266,WBA3R5C55FF708013,59,Truck,Active
267,1GYS3GEF0BR038987,53,Container truck,maintenance
268,WAUHF78P88A567121,100,Truck,Active
269,5N1AN0NUXBC818155,60,Truck,maintenance
270,1N6BF0KLXFN234251,55,Container truck,maintenance
271,WAUDL94F75N000659,61,Truck,maintenance
272,1C4AJWAG6DL779103,81,Container truck,maintenance
273,KMHHU6KJ2FU113249,34,Truck,Active
274,WAUHF98P36A197690,92,Truck,Active
275,WAUMK78K39A723114,62,Truck,Active
276,4T1BF1FK3DU234567,67,Truck,maintenance
277,1N6AA0EC0FN873082,86,Container truck,Active
278,2C4RDGBG5DR297955,30,Truck,maintenance
279,1G6DF8EY2B0037232,44,Container truck,maintenance
280,SALWG2VF9FA608318,75,Container truck,maintenance
281,KL4CJHSB3FB809538,94,Truck,maintenance
282,1FTEX1EWXAK229289,46,Truck,Active
283,5TFAW5F1XEX793712,74,Container truck,Active
284,YV126MFB0F2803633,52,Container truck,maintenance
285,3D73M4CL2AG236635,47,Container truck,maintenance
286,1GKS1KE09CR578192,35,Truck,Active
287,3C63D2CL8CG232033,38,Truck,Active
288,4T1BF3EK5BU589797,55,Truck,Active
289,KNALN4D74E5151752,37,Container truck,Active
290,1FTEW1CM8BK455594,93,Truck,Active
291,3VW4A7AT2DM739158,72,Container truck,Active
292,JH4DC53003C890518,94,Truck,Active
293,WAUEKBFB3BN388249,97,Truck,maintenance
294,19UYA42631A605023,41,Container truck,Active
295,3GYFNFE39ES222953,47,Container truck,Active
296,5UXWX9C58E0010525,44,Container truck,Active
297,WBANB33595C808441,52,Container truck,Active
298,ZHWGU5BZ4AL805244,49,Truck,maintenance
299,3N1CN7AP9EL333863,40,Truck,maintenance
300,2T1BURHE3EC426246,96,Truck,Active
301,NM0GE9E73F1733752,75,Container truck,maintenance
302,WAUML44D63N062696,99,Truck,Active
303,1G6DM8EV2A0655161,61,Truck,Active
304,SAJWA4DC5FM922043,49,Container truck,Active
305,SCBZB25E82C499197,58,Container truck,Active
306,WAUFEBFM5BA704755,65,Truck,Active
307,WAUBFAFLXAN860911,50,Container truck,maintenance
308,1FTMF1EW8AK279977,37,Truck,Active
309,WBABV13445J752829,50,Truck,Active
310,WBA5A7C59FD429543,85,Truck,Active
311,1N6BF0KM4FN700961,31,Container truck,maintenance
312,WAUBFAFL5AN130677,81,Container truck,maintenance
313,1GD022CG7CZ863341,38,Container truck,Active
314,JN8AE2KP7F9354022,76,Truck,Active
315,1GYUKJEF2AR953671,52,Container truck,maintenance
316,2C3CDYAG5EH664717,65,Container truck,maintenance
317,JN1BY1PR1FM533765,100,Container truck,maintenance
318,JH4CU2F68AC144967,58,Truck,maintenance
319,SCFAD01AX8G810675,61,Truck,maintenance
320,3G5DA03E42S968756,93,Container truck,Active
321,1G6DS8E33D0898809,87,Truck,Active
322,JTHKD5BH7F2296692,64,Truck,Active
323,WVWBB7AJ0DW610700,55,Truck,maintenance
324,JN1CV6AP6AM971191,64,Container truck,maintenance
325,WAUHE98P59A387935,86,Truck,maintenance
326,5N1AN0NU5AC668194,89,Truck,maintenance
327,1N6AA0CC2EN257241,42,Container truck,Active
328,3C6JD7DP5CG274732,31,Truck,maintenance
329,WBXPC935X7W242418,73,Truck,maintenance
330,WBAPH7C51AA331976,67,Container truck,Active
331,19UUA9F76EA400672,90,Container truck,Active
332,1C4RDHDG2DC424463,39,Container truck,Active
333,1G6AH5SX4E0801920,98,Container truck,Active
334,5GAKRCED3BJ575767,68,Truck,Active
335,WAUMV94E38N428895,59,Container truck,Active
336,YV4852CZ3A1303938,83,Truck,maintenance
337,5TFBY5F13DX148543,30,Truck,Active
338,WBA3B1C52EK957825,49,Container truck,maintenance
339,SCBGT3ZA5FC815937,42,Truck,Active
340,WA1YD64B44N975965,30,Truck,Active
341,SALAB2D47AA396603,78,Container truck,maintenance
342,WBAWC33589P856187,51,Container truck,maintenance
343,1FMJK1G57EE803512,71,Container truck,maintenance
344,YV4952CT1C1167473,68,Container truck,Active
345,1GD312CGXBF676353,63,Truck,maintenance
346,1ZVBP8AM9D5934491,45,Truck,Active
347,WA1VKAFP2AA548744,72,Truck,maintenance
348,WUAAU34218N773292,75,Truck,maintenance
349,WAUVT54B23N391520,95,Container truck,maintenance
350,WAUPEBFM5CA231638,98,Container truck,Active
351,WBAWV13548P302500,68,Truck,maintenance
352,3D73M4CL8AG351370,50,Container truck,Active
353,2C3CDYAG8DH729106,87,Container truck,Active
354,5GAKVCED1BJ535361,36,Truck,maintenance
355,WBAWV1C57AP776897,51,Truck,Active
356,WBAPK7C58BA935270,65,Container truck,maintenance
357,2HNYD18676H196216,32,Truck,Active
358,3GYT4NEF7CG529340,47,Container truck,Active
359,JH4CU2F66DC293592,72,Container truck,maintenance
360,WA1WMBFE3DD816545,32,Truck,maintenance
361,WBXPA93406W205762,79,Truck,Active
362,WBA3V7C56EP609541,33,Truck,Active
363,5NPDH4AE7CH300721,70,Container truck,maintenance
364,WAUDF78E08A848374,64,Container truck,Active
365,WAUHF78P38A401086,47,Truck,Active
366,1GD02ZCG4DF032200,57,Truck,Active
367,4A4JM2AS3AE633769,54,Truck,Active
368,WP1AA2AP7AL753299,86,Truck,maintenance
369,JH4KB16517C308863,62,Container truck,maintenance
370,3GYFNDEY5AS553412,34,Container truck,Active
371,WAUSF78K89N718639,33,Container truck,maintenance
372,3C3CFFDR2CT423858,88,Container truck,Active
373,SCFEBBBK9BG878161,93,Truck,Active
374,JTHBP5C24C5482167,36,Container truck,maintenance
375,JM1NC2LF4E0457037,67,Truck,maintenance
376,WBA3B5C53FP543321,32,Truck,maintenance
377,5TDBY5G1XDS116998,35,Container truck,maintenance
378,5NPDH4AE2FH846864,39,Truck,maintenance
379,WBAUL73568V145600,75,Truck,maintenance
380,3VWKX7AJXCM274874,55,Container truck,Active
381,JH4CU2E6XBC239016,77,Container truck,Active
382,5UXFA93555L895587,38,Truck,Active
383,YV1612FHXD1660881,84,Truck,Active
384,1GYS4MKJ7FR486928,89,Container truck,Active
385,KNADH5A34B6320872,36,Container truck,Active
386,2LMHJ5ATXEB525515,32,Truck,maintenance
387,JTHBL5EF7F1653906,43,Truck,Active
388,WAUBFCFL3CA984265,38,Truck,maintenance
389,WVWED7AJXDW822446,37,Truck,maintenance
390,3N1AB7AP5FL281357,68,Container truck,maintenance
391,4A31K2DF3CE919097,86,Container truck,maintenance
392,WAUGL58E35A643105,98,Container truck,Active
393,WAU2GBFC8CN201621,82,Truck,maintenance
394,1N6AD0CW7EN430074,81,Container truck,Active
395,WAUSH78E86A048498,63,Container truck,maintenance
396,WAUWFAFL5CA947207,86,Truck,maintenance
397,SCBDP3ZA3AC785143,87,Container truck,Active
398,WAUFFAFL2BN020589,42,Container truck,maintenance
399,1GD01ZEG9BF935617,54,Container truck,maintenance
400,4USBT53514L100448,65,Truck,maintenance
401,JA32X2HU8CU177057,82,Container truck,maintenance
402,JN8AZ1FY4BW471344,73,Container truck,Active
403,WBAFR7C57DD865107,42,Container truck,maintenance
404,1N4AL2AP8CN962689,66,Container truck,Active
405,VNKKTUD39FA160917,100,Container truck,maintenance
406,JTHBL1EF8E5664056,99,Container truck,Active
407,1GYS3PKJ9FR300519,49,Container truck,maintenance
408,WAUKF78E96A724995,86,Container truck,maintenance
409,1GYS4EEJ6BR660354,66,Container truck,maintenance
410,WAUEFAFL6CA576716,91,Truck,maintenance
411,WBA3C3C53FP460862,59,Container truck,Active
412,JN1EY1AP7DM722910,63,Truck,Active
413,WBALM5C57BE297003,48,Truck,Active
414,1N6AA0EC8FN211864,49,Container truck,Active
415,JTEBU5JR6A5222825,49,Truck,maintenance
416,WAULT58E72A509854,70,Container truck,Active
417,TRUTC28NX11856536,39,Container truck,maintenance
418,WA1YD54BX5N464353,72,Container truck,maintenance
419,5UXFB93592L121707,63,Container truck,Active
420,WA1CMAFE5BD533185,89,Container truck,Active
421,5N1AN0NW1DN125015,47,Container truck,maintenance
422,WAUAH94F08N265304,68,Container truck,maintenance
423,JN1AZ4EH9DM947233,97,Truck,Active
424,WAUDG94F35N824789,57,Container truck,Active
425,WAUDV74FX8N658527,79,Container truck,Active
426,5NPEB4AC1EH936753,49,Container truck,maintenance
427,WBAPH7G55AN860477,89,Truck,maintenance
428,WA1DGBFE4ED429874,75,Truck,maintenance
429,WAUDFBFC7CN098641,72,Container truck,Active
430,WAUDL74F06N537945,39,Container truck,Active
431,1GYS4JEF3ER341342,72,Truck,maintenance
432,KMHHU6KJ2FU603397,81,Container truck,Active
433,3FAHP0HA6AR055121,69,Container truck,maintenance
434,2B3CK2CVXAH973833,71,Container truck,maintenance
435,1FTEX1CM6CF197647,88,Truck,Active
436,WAUBFAFL2FA752958,54,Container truck,Active
437,19XFA1E31AE877587,61,Truck,maintenance
438,1C4SDHCT7DC638736,42,Container truck,maintenance
439,1C6RD6JT2CS446139,40,Truck,Active
440,1G6DC8EY2B0141308,73,Container truck,maintenance
441,1G4CU541424975528,72,Truck,Active
442,5FNRL5H2XBB563904,71,Truck,maintenance
443,WAUMGAFL4EA967262,69,Container truck,Active
444,1C4RDHEG0EC246794,67,Container truck,maintenance
445,WAUKH74F66N251882,41,Container truck,maintenance
446,JN8AS1MUXCM530561,92,Truck,Active
447,WAUFFAFC4EN703446,62,Truck,Active
448,JTDKTUD34ED756619,98,Container truck,Active
449,WAUFFAFM6BA128374,40,Container truck,maintenance
450,ZHWGU5BZ3DL608568,69,Truck,maintenance
451,JTDKDTB34F1909688,81,Container truck,maintenance
452,1LNHL9DR6BG172630,60,Truck,Active
453,1G6DP5E39D0028207,33,Truck,maintenance
454,1N4AL3AP9EC072688,76,Container truck,Active
455,1HGCR2E54EA377520,68,Truck,Active
456,WAUNF78P28A340980,71,Container truck,maintenance
457,3C4PDCAB3FT614864,43,Truck,maintenance
458,WAUSH94F77N463204,55,Truck,maintenance
459,5UXFG83539L401824,88,Container truck,Active
460,WDDPK4HA1CF866472,35,Truck,maintenance
461,1C3CDZAB9EN112526,34,Truck,maintenance
462,JN8AF5MR6DT774223,38,Container truck,maintenance
463,WBA3V5C59F5078241,42,Container truck,Active
464,3N6CM0KN8FK575715,43,Truck,maintenance
465,1G6DJ5EY9B0861497,79,Truck,maintenance
466,W04GT5GC9B1623398,52,Truck,maintenance
467,WAUKG78E55A903658,98,Truck,maintenance
468,1D7CE2BK4AS102583,84,Truck,Active
469,JTHKD5BHXC2708406,93,Container truck,maintenance
470,WUADU78E98N243967,73,Container truck,Active
471,1GYFC53289R789321,82,Container truck,Active
472,WA1WGAFP2DA344620,88,Truck,maintenance
473,1D7RV1CT8BS296239,44,Truck,maintenance
474,JN8AZ1FY6EW650084,61,Container truck,maintenance
475,WAUVVAFR7CA779198,83,Truck,Active
476,1C4SDJCT2FC935861,30,Truck,Active
477,5TDDCRFH7ES363930,30,Truck,Active
478,1C3CCBAB1DN796979,36,Container truck,Active
479,2B3CJ7DJ1BH957940,58,Truck,Active
480,WAULT64B04N029054,80,Truck,maintenance
481,3VW507AT9FM264067,39,Container truck,maintenance
482,KNADH4A37A6092441,87,Truck,Active
483,1GYS3HEFXDR379578,68,Truck,Active
484,KNAFX6A86F5924271,67,Truck,maintenance
485,JN1CV6EK7FM990340,30,Container truck,Active
486,JA32U1FUXAU070904,34,Container truck,Active
487,1G6DN56S650108996,74,Container truck,Active
488,WAUSFAFL5BA461834,37,Truck,maintenance
489,1G4GF5G37EF238566,38,Container truck,maintenance
490,19UUA9E59CA413347,54,Truck,Active
491,WBA6B8C53ED413313,91,Container truck,Active
492,JN1AZ4EHXFM012676,83,Truck,maintenance
493,WAUFGBFB2BN080608,62,Truck,maintenance
494,WBABN73483P266361,62,Container truck,maintenance
495,2HKRM3H39FH352873,85,Container truck,maintenance
496,4T1BF3EK1BU767429,75,Truck,Active
497,5N1AR2MMXEC453952,84,Truck,Active
498,1GYEC63T64R093673,82,Truck,maintenance
499,2C3CDXFGXDH134602,52,Container truck,Active
500,WAU4FBFL8CA444767,57,Truck,maintenance
501,WA1VMBFE3BD141689,33,Truck,Active
502,KNAFK4A61F5662984,37,Truck,Active
503,KMHDB8AE6AU676768,61,Container truck,maintenance
504,WAUEFAFL0EA711689,33,Container truck,maintenance
505,SALFR2BG7EH678865,71,Truck,Active
506,5GADX23L66D714992,30,Truck,maintenance
507,WBS3U9C51FP889851,100,Container truck,maintenance
508,WAULC68E45A613342,63,Container truck,Active
509,1FBNE3BLXAD348934,65,Truck,Active
510,5XYZT3LB7FG564860,50,Container truck,Active
511,WAUTFAFH6DN456671,64,Truck,Active
512,1FTEW1C80FF234766,50,Truck,maintenance
513,JA32X2HU4CU813215,74,Container truck,maintenance
514,WBA3A5C51FP095681,84,Container truck,maintenance
515,1G4HP54K444450865,42,Truck,Active
516,WBA3V5C5XFP259465,64,Truck,Active
517,1G6DH5E51D0860722,53,Container truck,maintenance
518,JN1CV6EL3FM822719,66,Truck,maintenance
519,WDCYC7DF5FX363180,57,Truck,Active
520,1FTWW3DY8AE464648,86,Truck,Active
521,4JGCB2FE1AA413297,56,Truck,maintenance
522,JM3KE2BE8D0423047,43,Truck,maintenance
523,5FRYD3H41GB972782,32,Container truck,Active
524,4T3BA3BB1EU322008,30,Container truck,Active
525,JTDZN3EU7FJ949859,61,Truck,maintenance
526,WAURGAFD7DN305925,63,Container truck,Active
527,4T1BF1FK8CU821944,70,Truck,maintenance
528,WUADUAFG0EN345493,46,Truck,maintenance
529,WA1LGAFE4BD901086,34,Truck,maintenance
530,1FTEW1CM9EK398309,79,Truck,Active
531,KMHGH4JH1FU341231,84,Truck,Active
532,JN1CV6FE9AM239645,66,Container truck,Active
533,JTHBP5C2XA5070039,56,Container truck,Active
534,WVWAP7AN5DE982264,85,Truck,Active
535,WBAYM1C51ED954600,37,Truck,Active
536,1FAHP3HN4AW945683,82,Truck,Active
537,1G6DH577790642256,58,Container truck,Active
538,1HGCR2E50DA175675,74,Container truck,maintenance
539,WAUFFBFL5AN114714,95,Container truck,maintenance
540,19UUB3F5XFA263004,97,Truck,maintenance
541,WAUJC68E34A974311,44,Truck,Active
542,2G4GP5EC9B9373052,68,Container truck,maintenance
543,WA1BY74L08D263781,30,Truck,maintenance
544,1FTSX2A52AE433217,92,Container truck,maintenance
545,3VWF17AT9FM038435,53,Container truck,maintenance
546,1FTMF1CW1AK866413,78,Truck,maintenance
547,3G5DA03E12S659830,86,Truck,maintenance
548,2C4RDGDG4FR786041,36,Container truck,Active
549,1GYS3JEF8BR993761,66,Container truck,Active
550,3N1AB7AP2FL259820,62,Truck,maintenance
551,SCFFDCBD7CG857560,35,Truck,Active
552,JN1CV6AP9DM243191,84,Container truck,maintenance
553,KL4CJBSB7DB286101,53,Container truck,maintenance
554,SCFFDCCD4CG846885,99,Container truck,maintenance
555,2G4WB52K221835794,51,Truck,maintenance
556,WBA3B5C51FP051497,79,Truck,maintenance
557,2G4GT5GK8C9992176,97,Container truck,Active
558,WBAUN13589V145624,66,Truck,maintenance
559,WP0AB2A84CU905188,55,Container truck,Active
560,SCFEFBAC9AG225116,66,Container truck,Active
561,WA1WKBFP2AA788273,68,Container truck,Active
562,WAULFAFH3AN443095,73,Container truck,maintenance
563,WAUUL78E48A178160,94,Container truck,maintenance
564,WBXPC93419W220561,98,Truck,Active
565,19UUA8F7XCA576826,84,Truck,Active
566,WAUML64B24N333958,97,Container truck,Active
567,5BZAF0AA8EN913836,75,Container truck,Active
568,4T1BF1FK7CU774342,96,Truck,maintenance
569,1GKS1HE04ER824944,67,Truck,Active
570,WAUEFBFL8BN680749,55,Container truck,Active
571,2C3CCAAG9CH454550,81,Container truck,maintenance
572,1D4RE5GG1BC634866,74,Container truck,maintenance
573,1N6AD0CU4CC789020,65,Truck,maintenance
574,1J4NF1FB7AD500650,50,Container truck,maintenance
575,5NPDH4AE9DH266184,96,Container truck,maintenance
576,WBSDE93451B551397,34,Container truck,maintenance
577,1D4RE3GG3BC893301,43,Truck,Active
578,WBAVC935X7K478902,38,Container truck,Active
579,WA1CMAFE4CD504567,88,Container truck,maintenance
580,SCFAB01E99G377750,70,Truck,Active
581,WBAEV53462K442059,52,Container truck,maintenance
582,WBAAV53441J173949,64,Container truck,Active
583,WBA3A5C57EP077507,97,Truck,maintenance
584,2C3CA2CV2AH450313,97,Container truck,Active
585,3GYFNGE32DS684808,60,Truck,maintenance
586,WAUVT58E52A126729,90,Truck,Active
587,4A4JM2AS4BE638495,36,Container truck,maintenance
588,WVWED7AJ9DW853896,95,Truck,Active
589,WAUDG78E45A861587,74,Truck,Active
590,3N1AB6AP1BL604016,78,Truck,maintenance
591,JN8CS1MWXFM859551,44,Truck,Active
592,5N1AT2MK0EC398010,85,Truck,maintenance
593,WAUDH78E97A098000,73,Container truck,Active
594,JN1BY1AP4EM795673,75,Truck,Active
595,WA1EY74L49D752036,97,Truck,Active
596,SAJWA4DC3AM193856,69,Truck,Active
597,5N1AN0NU6AC970142,35,Container truck,Active
598,5GAKRAED4BJ389594,36,Container truck,maintenance
599,WDDJK7DA7DF246496,81,Truck,maintenance
600,1G6DL5E30C0286223,42,Container truck,maintenance
601,1G6DX67D270467569,47,Truck,Active
602,5XYKT3A18DG651465,38,Truck,maintenance
603,2T3BFREV0EW412678,68,Container truck,maintenance
604,WBAPH7C52AE113070,65,Truck,maintenance
605,WBADT63473C543470,89,Truck,maintenance
606,4T1BD1FK1EU337915,32,Truck,maintenance
607,1N6AD0CU7AC428944,56,Truck,Active
608,1HGCP2E30BA061693,86,Truck,Active
609,3MZBM1U74EM131203,59,Truck,maintenance
610,SCBCR73W98C004749,78,Truck,maintenance
611,WBABN33422J308517,61,Container truck,Active
612,2T1BU4EEXBC312537,42,Container truck,maintenance
613,WAUVFAFH1CN758182,33,Container truck,maintenance
614,JTHBB1BAXC2807695,44,Container truck,maintenance
615,JTHBC1KS5A5909956,69,Truck,maintenance
616,2C3CDXFGXEH361063,38,Container truck,Active
617,1FTEX1CM1CF464354,93,Container truck,Active
618,1GYFC13249R074853,87,Container truck,Active
619,1HGCR2F3XEA836773,81,Container truck,Active
620,1FMEU6EEXAU685273,83,Truck,Active
621,JN1CV6EK7CM421547,56,Truck,Active
622,1FTWF3D5XAE605046,33,Truck,Active
623,1D7CW2BK8AS623884,45,Truck,Active
624,SCBCP7ZA0AC476300,81,Truck,maintenance
625,JN1BV7AP8FM500247,52,Container truck,maintenance
626,WBALM7C54EJ807508,84,Truck,Active
627,1C3BC7EG2BN508365,64,Container truck,maintenance
628,1FMNE1BW0AD792779,57,Truck,maintenance
629,4A31K2DF8BE221566,52,Truck,Active
630,1D4PT2GK9BW962227,63,Container truck,maintenance
631,YV1612FH7E2278559,53,Truck,maintenance
632,1FTWX3B55AE427823,71,Container truck,maintenance
633,WVWED7AJXDW406879,56,Truck,maintenance
634,JN1AZ4EH3EM689969,67,Container truck,Active
635,WBAKF5C57DJ960201,66,Truck,Active
636,WBAUU3C52CA175554,86,Truck,maintenance
637,WBSBL93421J220716,78,Container truck,Active
638,JM1NC2EF2A0089383,75,Container truck,maintenance
639,1D7RW3GK2BS401481,95,Container truck,Active
640,1G4GD5GR4CF495787,48,Container truck,maintenance
641,WBAFV3C51FD060873,83,Truck,Active
642,WBANU53559B278776,98,Container truck,Active
643,JN8AZ1MU1CW725643,87,Truck,maintenance
644,KMHCT4AE5CU945248,98,Truck,Active
645,WAUAH74FX6N505329,49,Truck,maintenance
646,5TDDK4CC0AS411907,71,Container truck,Active
647,KMHHT6KD6CU419623,46,Truck,maintenance
648,WAUHFAFL9CA027394,41,Container truck,Active
649,1ZVBP8AM7B5120028,35,Truck,Active
650,WVWEU9ANXAE101673,91,Container truck,maintenance
651,5LMJJ2H5XEE121814,51,Truck,maintenance
652,1N4AA5AP5EC007368,57,Truck,Active
653,JN8AS5MT2CW900548,97,Container truck,maintenance
654,SCBCC41N29C417768,55,Container truck,Active
655,5J6TF2H54EL999357,53,Container truck,Active
656,KNDJT2A20D7984917,61,Truck,maintenance
657,WVGAV7AX0AW417686,71,Truck,maintenance
658,SAJWA0ES5EP217433,52,Container truck,maintenance
659,2G4GS5GX5E9309576,91,Truck,maintenance
660,JN8AF5MV6FT188394,51,Truck,Active
661,1G6AK5S35D0861413,84,Container truck,Active
662,1G6AJ5S35F0203306,51,Truck,Active
663,1FT7W2A62EE112947,55,Container truck,maintenance
664,1D7CW3BK5AS203165,72,Container truck,Active
665,5N1CR2MM7EC346821,76,Container truck,Active
666,WAUMGBFL3CA620721,87,Container truck,Active
667,3TMJU4GN4FM979514,93,Container truck,maintenance
668,1FMJK1G51BE998020,42,Container truck,maintenance
669,WUADUAFG9F7004728,66,Container truck,maintenance
670,3C63D3EL8CG649901,98,Container truck,maintenance
671,WAUEF78E88A950073,30,Truck,Active
672,3GYFNFE37FS567528,98,Container truck,Active
673,1VWAS7A30FC311397,69,Truck,Active
674,5GALRBED5AJ232195,54,Truck,maintenance
675,JH4CU25679C479618,83,Truck,maintenance
676,WVWAB7AJ1DW302186,78,Container truck,Active
677,WBAYB6C50FG262864,54,Container truck,Active
678,3TMJU4GN7FM275260,59,Truck,maintenance
679,2HNYD28457H051357,47,Container truck,maintenance
680,JH4CU2F80EC198819,76,Container truck,maintenance
681,1FTEW1E80AK664357,78,Container truck,maintenance
682,WBASP2C5XBC515755,31,Truck,maintenance
683,WBA3A9G59DN554515,64,Truck,maintenance
684,WBAEN33455P079927,80,Truck,Active
685,3VW1K7AJ5CM838313,79,Truck,Active
686,JN1CV6FE7CM301787,44,Truck,Active
687,4JGCB2FBXAA120116,77,Truck,Active
688,WBANA53514B508007,41,Truck,Active
689,WA1CMBFP5EA997414,48,Container truck,Active
690,1FMJK1H55CE114290,91,Truck,Active
691,WAUDH98E86A963355,65,Container truck,maintenance
692,YV126MFK2F2022158,74,Truck,Active
693,1G6AL5S35E0126610,33,Container truck,maintenance
694,3GYVKMEF5AG183181,37,Truck,maintenance
695,1G4GJ5E30DF972420,84,Truck,maintenance
696,JH4KB16507C210486,54,Container truck,Active
697,2G4GT5GV5D9425774,40,Truck,Active
698,3C6TD4DT0CG059277,38,Container truck,Active
699,WBAVM5C59DV900495,46,Container truck,Active
700,3N1CE2CP5FL978754,81,Truck,maintenance
701,JN8AZ1FY9DW613528,56,Truck,Active
702,5BZAF0AA7EN053363,46,Truck,maintenance
703,WAUJC68EX5A350443,98,Container truck,maintenance
704,2C3CDXJG7CH546112,86,Container truck,Active
705,2FMDK3AC2AB814018,51,Truck,Active
706,WBAKA4C56BC928401,54,Container truck,maintenance
707,2T1BURHE2EC802967,61,Truck,Active
708,WBAKG7C52CE353963,97,Container truck,maintenance
709,1GYS3DEF7CR222422,99,Truck,maintenance
710,WBAVC93557K710290,36,Truck,Active
711,5GAER23708J104303,34,Container truck,maintenance
712,SCFEDCAD6AG375513,70,Truck,maintenance
713,2HNYD18861H256111,90,Container truck,Active
714,JN8AS5MT9BW916924,92,Container truck,maintenance
715,3D73M3CL1BG250067,70,Truck,Active
716,WAUKF98E37A879698,44,Container truck,Active
717,2G4WF521931337668,81,Truck,Active
718,SCBZB25E02C529812,59,Container truck,maintenance
719,5GADV33L25D703188,60,Truck,Active
720,2G4WB55K711032859,33,Truck,maintenance
721,KMHDB8AE3BU832251,54,Truck,Active
722,WBAKF5C57BE450808,85,Container truck,Active
723,2C3CCARG8FH750278,50,Truck,Active
724,WAUGGAFC7DN488080,59,Container truck,Active
725,KL4CJESB7DB460055,32,Container truck,maintenance
726,1C4NJPBA9CD222759,85,Container truck,maintenance
727,1G6AK5SX7E0480148,44,Truck,Active
728,2G4WE587971671980,72,Truck,Active
729,1G6AP5SX6F0559989,89,Truck,Active
730,SALFR2BN1CH112616,74,Truck,maintenance
731,SCFFDCCD9CG395002,94,Truck,maintenance
732,SCBZK25E62C845005,32,Truck,Active
733,WA1YD64B42N170870,85,Container truck,Active
734,WAUKH94F46N872100,33,Container truck,Active
735,JN1EY1AP2DM968795,33,Container truck,Active
736,WBA3C1C56DF423098,32,Truck,Active
737,WAUPL68E65A784577,88,Container truck,maintenance
738,1C4AJWAG7CL338479,46,Truck,maintenance
739,JTEBU5JR8E5536871,81,Truck,Active
740,WBALW7C59ED876753,93,Truck,Active
741,1G6AB5SA1D0903817,71,Truck,maintenance
742,JM1CW2BL4E0962288,41,Truck,maintenance
743,1G6DJ577980578188,87,Container truck,Active
744,WBAKF9C53BE814214,84,Truck,Active
745,WBAYF8C58DD262626,87,Container truck,Active
746,5TDDW5G10FS304723,40,Container truck,Active
747,W04GR5EC1B1414481,98,Container truck,Active
748,JH4CL95888C315368,34,Container truck,Active
749,WBAAV53471F965290,71,Container truck,maintenance
750,KL4CJCSB8FB379508,41,Container truck,maintenance
751,TRUXD38J391215967,82,Truck,maintenance
752,1FADP5BU3DL210984,43,Truck,maintenance
753,WAUEH78E68A350971,97,Container truck,Active
754,WA1DKBFP3CA772299,45,Container truck,maintenance
755,SCBBP9ZA5DC871715,80,Truck,maintenance
756,WUARL48H18K463378,62,Container truck,maintenance
757,1G6KD57928U389651,98,Container truck,maintenance
758,KNADM4A33D6026937,71,Truck,maintenance
759,1GKS1FEJ5CR051556,69,Container truck,maintenance
760,5N1AN0NW2FN793327,51,Truck,Active
761,JHMZF1C6XES089310,31,Truck,Active
762,WAUEKAFB7AN109636,32,Truck,Active
763,WUAAU34228N575580,74,Truck,maintenance
764,5UXFG435X9L996213,36,Truck,maintenance
765,WAUML64B02N744711,45,Container truck,maintenance
766,WAUHMAFCXEN898712,99,Truck,Active
767,JM1CW2BL9D0399074,69,Container truck,Active
768,5N1CR2MM2EC012051,82,Truck,Active
769,WBSKG9C57DE479244,70,Truck,maintenance
770,WUAUUAFG5CN268262,38,Container truck,Active
771,WAUAH74F08N400219,38,Truck,Active
772,WAUVT58E73A354331,34,Container truck,Active
773,SALFP2BN6AH587309,82,Container truck,maintenance
774,1GYS3AEF1BR807512,100,Container truck,Active
775,1B3AZ6JZ4AV228311,82,Container truck,maintenance
776,JH4NA21692T722021,100,Container truck,maintenance
777,WAUEFAFL0FA678291,63,Truck,Active
778,4USDU53527L193667,39,Container truck,maintenance
779,3VW507AT6EM011447,84,Container truck,Active
780,WDDHF0EB4EB587686,55,Truck,Active
781,2HNYD187X6H089699,54,Container truck,maintenance
782,WP0AA2A90DS872733,54,Container truck,maintenance
783,1N6AD0CUXAC165431,37,Truck,maintenance
784,WA1C8BFP5FA362523,32,Container truck,Active
785,1G4HR57Y48U887765,90,Container truck,maintenance
786,5J8TB4H53EL242724,86,Container truck,maintenance
787,WAUKF68E45A492170,99,Container truck,Active
788,1FM5K7B80FG157659,85,Container truck,maintenance
789,1G6AL5SX9D0503375,58,Truck,maintenance
790,5N1BA0ND9FN409638,44,Container truck,Active
791,KMHTC6AD6EU887592,45,Container truck,maintenance
792,4A31K2DF8CE854845,90,Truck,Active
793,4T1BD1EB3EU951513,45,Truck,maintenance
794,WDDGF5EB4AR673834,49,Truck,maintenance
795,KMHFC4DD2AA240549,33,Truck,Active
796,1G6DJ5EVXA0456821,61,Truck,maintenance
797,WBAPN7C52BA894786,88,Truck,maintenance
798,WAUKF98E36A925058,82,Truck,maintenance
799,KMHHT6KD8DU108700,67,Container truck,Active
800,KNAFT4A26C5007810,88,Truck,maintenance
801,JN8AS5MTXCW406048,74,Truck,maintenance
802,1N6AA0EC5FN576907,71,Truck,maintenance
803,WVGBF7A90AD597962,46,Container truck,Active
804,WAU2GBFC7CN568056,92,Truck,maintenance
805,KNAFX5A85F5129724,86,Truck,Active
806,JM3TB2BA6B0498465,37,Truck,maintenance
807,3GYT4NEF7DG070358,30,Truck,Active
808,JH4KB2F57AC362942,82,Truck,Active
809,2G4WC582681860095,58,Truck,maintenance
810,JTHFF2C25E2229401,97,Container truck,Active
811,1C3CCBAB1DN552068,47,Truck,maintenance
812,2LMDJ6JK3FB823367,60,Truck,Active
813,WAUHFBFL7AN679295,91,Container truck,Active
814,WA1YD54B25N237528,50,Container truck,Active
815,TRUTC28N031824150,67,Container truck,Active
816,1G4GF5G3XEF950621,100,Truck,maintenance
817,2G4WD582871174345,34,Container truck,maintenance
818,WAUKH78E17A889127,44,Truck,Active
819,JH4DC53806S239440,32,Container truck,maintenance
820,WAUSF78K79N011483,57,Container truck,maintenance
821,3D73Y3CL2AG732744,94,Container truck,Active
822,JTHBF1D24F5696557,47,Container truck,Active
823,WP0CA2A88AU859812,47,Truck,maintenance
824,WUARL48H19K147383,97,Container truck,Active
825,1C4NJPBA7FD561301,94,Container truck,maintenance
826,1G6AZ5S36F0029027,51,Truck,maintenance
827,WDDEJ9EB6DA368626,59,Container truck,maintenance
828,SCFEFBBC5AG541126,31,Truck,maintenance
829,5TDDK3DC4FS712258,59,Truck,Active
830,WVGDF9BP4ED734683,49,Truck,maintenance
831,1G6DK5EG4A0706407,41,Truck,maintenance
832,KNADN5A39F6629798,37,Container truck,Active
833,WAUFFAFC0DN864200,67,Truck,Active
834,WA1DKAFP5BA887849,32,Truck,Active
835,1G6DL8EV9A0091916,52,Container truck,maintenance
836,5FNYF3H44EB114747,66,Truck,Active
837,WA1WMBFE4AD648653,60,Truck,Active
838,WBADX7C54DJ274389,73,Truck,maintenance
839,19UUA9F73DA286807,98,Container truck,Active
840,YV1612FH1E1034590,52,Truck,Active
841,KM8JT3ABXDU615968,64,Container truck,Active
842,WA1YD54B02N034326,41,Truck,maintenance
843,5GADX23L56D027325,82,Truck,Active
844,WP0CA2A82AS813629,65,Truck,Active
845,2C3CA4CG2BH532105,65,Container truck,maintenance
846,1G4HP54K04U203584,37,Truck,Active
847,19UYA42631A903247,43,Container truck,maintenance
848,1D7RV1CP0BS426937,50,Container truck,Active
849,KMHHT6KD1DU372227,42,Truck,Active
850,WDBSK7BA9CF503592,43,Container truck,Active
851,WBANV935X8C108913,35,Container truck,maintenance
852,1FA6P8AM1F5923336,36,Container truck,Active
853,5N1AT2ML7EC880949,54,Truck,maintenance
854,WAUHE98P89A842504,68,Truck,maintenance
855,KL4CJDSB9EB829784,79,Container truck,Active
856,WAUPL68E35A782530,61,Truck,maintenance
857,SCFFBCCDXBG413480,49,Container truck,Active
858,WAUEH98EX7A528262,56,Container truck,maintenance
859,2LMHJ5AT0CB749888,34,Truck,maintenance
860,SCBZB25E02C890201,81,Container truck,Active
861,WAUMGBFLXBA714691,67,Container truck,maintenance
862,1FTSX2A5XAE237753,87,Truck,maintenance
863,3VWPG3AG2AM911871,31,Container truck,Active
864,WBAPH7G55BN352995,90,Container truck,Active
865,1N6AA0CH9FN096805,40,Container truck,Active
866,KNADM4A34F6988909,34,Truck,maintenance
867,1GYS3EEJ8DR633274,61,Container truck,Active
868,5TDDK3DC5BS921454,43,Container truck,maintenance
869,2C3CCAFJ0DH455091,63,Container truck,maintenance
870,4USDU53557L436663,93,Truck,Active
871,1FTEX1E88AK305318,57,Truck,Active
872,2HNYD28708H511911,82,Truck,maintenance
873,137ZA83351E740014,47,Container truck,Active
874,1G6DA1ED9B0373656,63,Container truck,maintenance
875,1GYS3EEJ0DR374568,42,Container truck,Active
876,3N1AB6AP6AL907887,54,Container truck,maintenance
877,KMHCM3AC9BU941806,93,Truck,Active
878,WBAWV1C56AP907351,36,Container truck,maintenance
879,WAUEF98E38A663459,81,Truck,Active
880,1G6DA1ED2B0327148,42,Truck,Active
881,1N6AA0CC8EN802598,60,Truck,maintenance
882,1FTEW1CW1AF452206,93,Truck,maintenance
883,JM1NC2MF4D0299831,30,Truck,maintenance
884,SALGR2VFXFA867219,84,Container truck,Active
885,WAUDF98E68A083733,36,Truck,Active
886,WAUKG68E65A760570,81,Container truck,maintenance
887,1G6KE54Y54U167396,94,Truck,Active
888,WBAYF8C56FD579081,37,Truck,maintenance
889,1FMCU0C74AK275959,80,Truck,maintenance
890,1C4RDJEG6FC818752,34,Truck,maintenance
891,2T1BU4EE7BC278802,81,Container truck,Active
892,WDDEJ9EB7EA117907,90,Container truck,maintenance
893,JTDKN3DU9F0939245,92,Container truck,Active
894,WAUDF58E35A957945,98,Container truck,Active
895,WBANN73577B904365,51,Truck,maintenance
896,1FAHP3EN0AW826825,55,Container truck,maintenance
897,KMHFG4JG6FA510991,98,Truck,maintenance
898,WAU4GBFBXAN762805,84,Truck,maintenance
899,WBAUN1C52CV214797,44,Truck,Active
900,1D7RB1CP7AS501270,36,Truck,maintenance
901,1C4AJWAG1CL955148,63,Truck,maintenance
902,WBALY1C58ED301079,34,Truck,Active
903,WA1LFBFP0EA162511,93,Container truck,Active
904,1FTSW3A55AE817310,50,Truck,maintenance
905,WAUHF78P48A808723,39,Container truck,Active
906,KMHHT6KD5AU645732,82,Container truck,Active
907,1G6AL5SX4D0419772,57,Container truck,Active
908,WAU3GAFR8DA547793,54,Truck,maintenance
909,1GD01XEGXFZ684874,45,Container truck,Active
910,JM1NC2MF2E0159746,69,Container truck,Active
911,WBANE53546B328821,48,Truck,Active
912,4USBT53463L017832,67,Container truck,Active
913,1FTMF1CW2AF537096,72,Container truck,Active
914,2G4GW5EV5B9902338,78,Container truck,Active
915,JN8AF5MR7BT553355,80,Truck,maintenance
916,2LMHJ5AT9CB747296,83,Container truck,Active
917,WBAAV33411F231474,80,Container truck,Active
918,2T1KU4EE0CC541181,80,Truck,Active
919,JN1BY1PR1FM383530,85,Truck,maintenance
920,JH4CL95988C902243,51,Truck,Active
921,JH4CL95835C976673,66,Truck,Active
922,KMHTC6AD0EU448534,49,Container truck,maintenance
923,1HGCP2E83AA998550,46,Container truck,maintenance
924,WDBSK7BA3CF519304,64,Truck,maintenance
925,3D73M4HL5BG286150,79,Container truck,maintenance
926,2FMDK3JC9AB082387,35,Container truck,maintenance
927,2HNYD18703H148500,66,Container truck,maintenance
928,5GNRNHEE4A8663361,35,Container truck,maintenance
929,WBADS434X3G758843,34,Truck,Active
930,2G4GU5EV5C9701837,36,Truck,maintenance
931,1G6KD57Y69U399026,96,Container truck,maintenance
932,19UUA66206A960143,61,Container truck,maintenance
933,WAU4FAFR6CA728994,86,Truck,maintenance
934,1C6RD6PTXCS265863,90,Truck,Active
935,WAUVFAFH2BN758254,36,Container truck,Active
936,WBABN53482P964942,100,Container truck,maintenance
937,WA1CGAFP8FA364618,68,Container truck,Active
938,3D7JV1EP4AG549723,81,Truck,Active
939,1N4AB7AP8EN696254,84,Truck,maintenance
940,1G6AA5RX2D0068890,54,Truck,Active
941,5TFBW5F12AX737133,37,Truck,Active
942,WAUVT58E63A754526,48,Container truck,Active
943,WBA3X5C5XFD951432,38,Truck,Active
944,WAUEH98E88A624182,70,Truck,maintenance
945,1FTEW1CF1FK080705,90,Container truck,Active
946,5N1AR1NB5AC863740,89,Container truck,maintenance
947,KNAFT4A26C5781135,72,Container truck,Active
948,2C4RDGCG0FR450534,62,Truck,Active
949,WAUUL78EX7A135635,57,Container truck,maintenance
950,2G4WY55J921690285,32,Container truck,maintenance
951,1FTWW3B56AE853765,43,Container truck,Active
952,3C3CFFCR8CT536764,60,Truck,Active
953,WAUBG78E66A371838,98,Truck,maintenance
954,19VDE1F36DE946684,84,Truck,maintenance
955,JM3KE2BE0D0924790,91,Truck,maintenance
956,WAULT68E74A547173,52,Container truck,Active
957,WAUAF78E16A636454,34,Truck,maintenance
958,1N6AA0CCXBN488206,86,Truck,maintenance
959,1G6KD57907U875874,44,Container truck,Active
960,WBAGK93401D966075,57,Truck,maintenance
961,3D4PG1FG5BT565566,68,Truck,maintenance
962,SCBGU3ZA3DC352688,44,Truck,Active
963,WBAFR7C59DD565326,94,Container truck,Active
964,1FTMF1E8XAF090497,74,Truck,Active
965,1FTEX1CM8DK357083,43,Truck,maintenance
966,5TDBKRFH3FS631898,87,Truck,Active
967,1GYS4RKJ5FR540725,93,Truck,maintenance
968,2HNYD18964H177308,64,Truck,Active
969,1G6AT5S35F0673880,64,Truck,Active
970,WBAAV53441F311282,74,Container truck,maintenance
971,WAUKF78E85A217097,35,Container truck,Active
972,5J6YH1H34BL756717,38,Truck,Active
973,1D7RB1GT5AS670498,56,Truck,Active
974,WBABS53421E393709,100,Container truck,Active
975,JH4CU2F4XEC782190,64,Truck,Active
976,WBAEV33492P556001,47,Container truck,maintenance
977,1FTWW3B57AE302423,97,Truck,maintenance
978,TRUWC28N911391924,97,Truck,maintenance
979,SCFAB01E69G673955,83,Truck,Active
980,WAUSH94F87N852367,66,Container truck,maintenance
981,1FTEX1CM0DK780496,49,Truck,maintenance
982,WAUSGAFB9AN150581,77,Container truck,Active
983,3N1CN7AP3EL287527,64,Container truck,maintenance
984,JN1CV6EK3CM263451,85,Container truck,maintenance
985,1N6AF0KX3FN400852,90,Container truck,Active
986,1C3CDZCB5DN201246,36,Truck,maintenance
987,WBAAV33431F189793,57,Container truck,maintenance
988,5N1CR2MM4EC836407,57,Truck,Active
989,5UXZV4C53DL395804,75,Truck,maintenance
990,1D7CE5GK2AS883162,50,Container truck,maintenance
991,3VW4S7AT9EM939243,99,Container truck,maintenance
992,1G6DC5E52C0001426,63,Container truck,Active
993,1D7RB1GT1BS379255,44,Container truck,Active
994,1D4PT4GKXAW772169,98,Container truck,maintenance
995,3N1AB7AP9FL491198,48,Container truck,maintenance
996,WAUEFAFL3DN903454,91,Container truck,maintenance
997,JTHBK1GG2D1567983,36,Container truck,maintenance
998,WAUFFBFL8CA139424,72,Truck,maintenance
999,WAU3VAFR2AA867418,79,Container truck,maintenance
1000,3C4PDCABXCT628837,30,Container truck,maintenance
